{
	"pattrstorage" : 	{
		"name" : "pitchprob",
		"slots" : 		{
			"1" : 			{
				"id" : 1,
				"data" : 				{
					"prob-table[3]::voice4-pattr" : [ 0.0, 0.0, 0.0, 0.0, 0.0, 0.0, 0.0, 0.0, 0.0, 0.0, 0.0, 0.0, 23.333334, 0.0, 0.0, 0.0, 26.666666, 0.0, 0.0, 22.666666 ],
					"prob-table[2]::voice2-pattr" : [ 0.0, 0.0, 0.0, 0.0, 16.666666, 0.0, 0.0, 21.333334, 0.0, 10.0, 0.0, 0.0, 32.666668, 0.0, 0.0 ],
					"prob-table[1]::voice3-pattr" : [ 0.0, 0.0, 0.0, 0.0, 24.0, 0.0, 0.0, 28.666666, 0.0, 19.333334, 0.0, 0.0, 40.0 ],
					"prob-table::voice1-pattr" : [ 43.333332, 0.0, 0.0, 0.0, 34.0, 0.0, 0.0, 12.666667, 0.0, 0.0, 0.0, 0.0, 0.0 ],
					"Internal_Synthesizer::internal_synth_presets" : [ -1 ]
				}

			}
,
			"2" : 			{
				"id" : 2,
				"data" : 				{
					"prob-table[3]::voice4-pattr" : [ 0.0, 0.0, 0.0, 0.0, 0.0, 0.0, 0.0, 0.0, 0.0, 0.0, 0.0, 0.0, 23.333334, 0.0, 30.0, 0.0, 0.0, 30.666666, 0.0, 0.0 ],
					"prob-table[2]::voice2-pattr" : [ 0.0, 0.0, 0.0, 0.0, 0.0, 0.0, 0.0, 0.0, 0.0, 16.0, 0.0, 0.0, 22.0, 0.0, 0.0 ],
					"prob-table[1]::voice3-pattr" : [ 0.0, 0.0, 4.0, 0.0, 0.0, 26.0, 0.0, 0.0, 0.0, 31.333334, 0.0, 0.0, 14.0 ],
					"prob-table::voice1-pattr" : [ 20.0, 0.0, 0.0, 0.0, 0.0, 38.666668, 0.0, 0.0, 0.0, 14.666667, 0.0, 0.0, 0.0 ],
					"Internal_Synthesizer::internal_synth_presets" : [ -1 ]
				}

			}
,
			"3" : 			{
				"id" : 3,
				"data" : 				{
					"prob-table[3]::voice4-pattr" : [ 0.0, 0.0, 0.0, 0.0, 0.0, 0.0, 0.0, 0.0, 0.0, 0.0, 0.0, 24.0, 0.0, 0.0, 30.0, 0.0, 0.0, 25.333334, 0.0, 0.0 ],
					"prob-table[2]::voice2-pattr" : [ 0.0, 0.0, 0.0, 0.0, 0.0, 0.0, 0.0, 14.0, 0.0, 0.0, 0.0, 25.333334, 0.0, 0.0, 36.0 ],
					"prob-table[1]::voice3-pattr" : [ 0.0, 0.0, 5.333333, 0.0, 0.0, 26.0, 0.0, 30.0, 0.0, 21.333334, 0.0, 26.0, 0.0 ],
					"prob-table::voice1-pattr" : [ 0.0, 0.0, 0.0, 0.0, 0.0, 22.0, 0.0, 31.333334, 0.0, 0.0, 0.0, 0.0, 0.0 ],
					"Internal_Synthesizer::internal_synth_presets" : [ -1 ]
				}

			}
,
			"4" : 			{
				"id" : 4,
				"data" : 				{
					"prob-table[3]::voice4-pattr" : [ 0.0, 0.0, 0.0, 0.0, 0.0, 0.0, 0.0, 0.0, 0.0, 0.0, 0.0, 24.0, 0.0, 0.0, 30.0, 0.0, 0.0, 25.333334, 0.0, 0.0 ],
					"prob-table[2]::voice2-pattr" : [ 0.0, 0.0, 0.0, 0.0, 0.0, 0.0, 0.0, 0.0, 11.333333, 0.0, 0.0, 25.333334, 0.0, 0.0, 36.0 ],
					"prob-table[1]::voice3-pattr" : [ 0.0, 0.0, 5.333333, 0.0, 0.0, 26.0, 0.0, 0.0, 30.666666, 0.0, 0.0, 26.0, 0.0 ],
					"prob-table::voice1-pattr" : [ 0.0, 0.0, 0.0, 0.0, 0.0, 22.0, 0.0, 0.0, 37.333332, 0.0, 0.0, 0.0, 0.0 ],
					"Internal_Synthesizer::internal_synth_presets" : [ -1 ]
				}

			}
,
			"5" : 			{
				"id" : 5,
				"data" : 				{
					"prob-table[3]::voice4-pattr" : [ 0.0, 0.0, 0.0, 0.0, 0.0, 0.0, 0.0, 0.0, 0.0, 0.0, 0.0, 24.0, 0.0, 0.0, 30.0, 0.0, 23.333334, 0.0, 0.0, 0.0 ],
					"prob-table[2]::voice2-pattr" : [ 0.0, 0.0, 0.0, 0.0, 0.0, 0.0, 0.0, 0.0, 18.0, 0.0, 0.0, 25.333334, 0.0, 0.0, 36.0 ],
					"prob-table[1]::voice3-pattr" : [ 0.0, 0.0, 5.333333, 0.0, 25.333334, 0.0, 0.0, 0.0, 30.666666, 0.0, 0.0, 26.0, 0.0 ],
					"prob-table::voice1-pattr" : [ 0.0, 0.0, 0.0, 0.0, 25.333334, 0.0, 0.0, 0.0, 37.333332, 0.0, 0.0, 0.0, 0.0 ],
					"Internal_Synthesizer::internal_synth_presets" : [ -1 ]
				}

			}
,
			"6" : 			{
				"id" : 6,
				"data" : 				{
					"prob-table[3]::voice4-pattr" : [ 0.0, 0.0, 0.0, 0.0, 0.0, 0.0, 0.0, 0.0, 0.0, 26.666666, 0.0, 0.0, 32.666668, 0.0, 25.333334, 0.0, 0.0, 0.0, 0.0, 0.0 ],
					"prob-table[2]::voice2-pattr" : [ 0.0, 0.0, 0.0, 0.0, 0.0, 0.0, 0.0, 0.0, 0.0, 15.333333, 0.0, 0.0, 25.333334, 0.0, 36.0 ],
					"prob-table[1]::voice3-pattr" : [ 0.0, 0.0, 5.333333, 0.0, 0.0, 16.0, 0.0, 0.0, 0.0, 24.666666, 0.0, 0.0, 0.0 ],
					"prob-table::voice1-pattr" : [ 0.0, 0.0, 0.0, 0.0, 0.0, 37.333332, 0.0, 0.0, 0.0, 36.0, 0.0, 0.0, 0.0 ],
					"Internal_Synthesizer::internal_synth_presets" : [ -1 ]
				}

			}
,
			"7" : 			{
				"id" : 7,
				"data" : 				{
					"prob-table[3]::voice4-pattr" : [ 0.0, 0.0, 0.0, 0.0, 0.0, 0.0, 0.0, 0.0, 0.0, 0.0, 0.0, 0.0, 23.333334, 0.0, 0.0, 0.0, 26.666666, 0.0, 0.0, 22.666666 ],
					"prob-table[2]::voice2-pattr" : [ 0.0, 0.0, 0.0, 0.0, 16.666666, 0.0, 0.0, 21.333334, 0.0, 10.0, 0.0, 0.0, 32.666668, 0.0, 0.0 ],
					"prob-table[1]::voice3-pattr" : [ 0.0, 0.0, 0.0, 0.0, 24.0, 0.0, 0.0, 28.666666, 0.0, 19.333334, 0.0, 0.0, 40.0 ],
					"prob-table::voice1-pattr" : [ 43.333332, 0.0, 0.0, 0.0, 34.0, 0.0, 0.0, 12.666667, 0.0, 0.0, 0.0, 0.0, 0.0 ],
					"Internal_Synthesizer::internal_synth_presets" : [ -1 ]
				}

			}
,
			"8" : 			{
				"id" : 8,
				"data" : 				{
					"prob-table[3]::voice4-pattr" : [ 0.0, 0.0, 0.0, 0.0, 0.0, 0.0, 0.0, 0.0, 0.0, 10.666667, 0.0, 0.0, 23.333334, 0.0, 30.0, 0.0, 0.0, 30.666666, 0.0, 0.0 ],
					"prob-table[2]::voice2-pattr" : [ 0.0, 0.0, 0.0, 0.0, 0.0, 0.0, 0.0, 0.0, 0.0, 16.0, 0.0, 0.0, 21.333334, 0.0, 19.333334 ],
					"prob-table[1]::voice3-pattr" : [ 0.0, 0.0, 18.0, 0.0, 0.0, 26.0, 0.0, 0.0, 0.0, 30.666666, 0.0, 0.0, 14.0 ],
					"prob-table::voice1-pattr" : [ 0.0, 0.0, 39.333332, 0.0, 0.0, 28.0, 0.0, 0.0, 0.0, 14.666667, 0.0, 0.0, 0.0 ],
					"Internal_Synthesizer::internal_synth_presets" : [ -1 ]
				}

			}
,
			"9" : 			{
				"id" : 9,
				"data" : 				{
					"prob-table[3]::voice4-pattr" : [ 0.0, 0.0, 0.0, 0.0, 0.0, 0.0, 0.0, 9.333333, 0.0, 0.0, 0.0, 0.0, 34.0, 0.0, 0.0, 0.0, 25.333334, 0.0, 0.0, 0.0 ],
					"prob-table[2]::voice2-pattr" : [ 0.0, 0.0, 0.0, 0.0, 0.0, 0.0, 0.0, 21.333334, 0.0, 0.0, 0.0, 0.0, 32.0, 0.0, 0.0 ],
					"prob-table[1]::voice3-pattr" : [ 0.0, 0.0, 0.0, 0.0, 24.666666, 0.0, 0.0, 30.0, 0.0, 0.0, 0.0, 0.0, 0.0 ],
					"prob-table::voice1-pattr" : [ 0.0, 0.0, 0.0, 0.0, 0.0, 0.0, 0.0, 31.333334, 0.0, 0.0, 0.0, 0.0, 0.0 ],
					"Internal_Synthesizer::internal_synth_presets" : [ -1 ]
				}

			}
,
			"10" : 			{
				"id" : 10,
				"data" : 				{
					"prob-table[3]::voice4-pattr" : [ 0.0, 0.0, 0.0, 0.0, 0.0, 0.0, 0.0, 0.0, 0.0, 0.0, 0.0, 24.0, 0.0, 0.0, 30.0, 0.0, 0.0, 25.333334, 0.0, 0.0 ],
					"prob-table[2]::voice2-pattr" : [ 0.0, 0.0, 0.0, 0.0, 0.0, 0.0, 0.0, 14.0, 0.0, 0.0, 0.0, 25.333334, 0.0, 0.0, 36.0 ],
					"prob-table[1]::voice3-pattr" : [ 0.0, 0.0, 5.333333, 0.0, 0.0, 26.0, 0.0, 30.0, 0.0, 21.333334, 0.0, 26.0, 0.0 ],
					"prob-table::voice1-pattr" : [ 0.0, 0.0, 0.0, 0.0, 0.0, 22.0, 0.0, 31.333334, 0.0, 0.0, 0.0, 0.0, 0.0 ],
					"Internal_Synthesizer::internal_synth_presets" : [ -1 ]
				}

			}
,
			"11" : 			{
				"id" : 11,
				"data" : 				{
					"prob-table[3]::voice4-pattr" : [ 0.0, 0.0, 0.0, 0.0, 0.0, 0.0, 0.0, 0.0, 0.0, 0.0, 0.0, 0.0, 23.333334, 0.0, 0.0, 0.0, 26.666666, 0.0, 0.0, 22.666666 ],
					"prob-table[2]::voice2-pattr" : [ 0.0, 0.0, 0.0, 0.0, 16.666666, 0.0, 0.0, 21.333334, 0.0, 10.0, 0.0, 0.0, 32.666668, 0.0, 0.0 ],
					"prob-table[1]::voice3-pattr" : [ 0.0, 0.0, 0.0, 0.0, 24.0, 0.0, 0.0, 28.666666, 0.0, 19.333334, 0.0, 0.0, 40.0 ],
					"prob-table::voice1-pattr" : [ 43.333332, 0.0, 0.0, 0.0, 34.0, 0.0, 0.0, 12.666667, 0.0, 0.0, 0.0, 0.0, 0.0 ],
					"Internal_Synthesizer::internal_synth_presets" : [ -1 ]
				}

			}

		}

	}

}
